table_name,field_name,classification,minimum_permission_rank,rationale
employees,employee_id,PUBLIC,1,Identifier safe for directory lookup
employees,name,PUBLIC,1,Public employee directory data
employees,job_title,PUBLIC,1,Public employee directory data
employees,office,PUBLIC,1,General office location
employees,department,INTERNAL,2,Internal organization structure
employees,manager,INTERNAL,2,Internal reporting structure
employees,project,INTERNAL,2,Internal project assignment
employees,email,CONFIDENTIAL,2,Personal/business contact data
employees,phone,CONFIDENTIAL,2,Personal/business contact data
employees,address,CONFIDENTIAL,2,Personal address
employees,salary,RESTRICTED,3,Payroll data
employees,iban,RESTRICTED,3,Financial account data
employees,performance_review,RESTRICTED,3,Sensitive HR assessment
employees,api_key,RESTRICTED,3,Synthetic secret used only for security testing
